USE [RAPPHIM]
GO
INSERT [dbo].[PHIM] ([MAPHIM], [TENPHIM], [ANHBIA], [TRAILER], [DAODIEN], [DIENVIEN], [THELOAI], [THOILUONG], [NGONNGU], [KHOICHIEU]) VALUES (N'M001', N'Despicaple me 4', N'despicaple_me_4.jpg', N'https://www.youtube.com/watch?v=LtNYaH61dXY', N'Chris Renaud, Patrick Delage', N'Steve Carell, Kristen Wiig, Joey King', N'Hài hước, Hoạt hình', 94, N'Tiếng Việt', CAST(N'2024-08-01T00:00:00.000' AS DateTime))
GO
INSERT [dbo].[PHIM] ([MAPHIM], [TENPHIM], [ANHBIA], [TRAILER], [DAODIEN], [DIENVIEN], [THELOAI], [THOILUONG], [NGONNGU], [KHOICHIEU]) VALUES (N'M002', N'Oppenheimer', N'oppenheimer.jpg', N'https://www.youtube.com/watch?v=uYPbbksJxIg', N'Christopher Nolan', N'Cillian Murphy, Emily Blunt, Robert Downey Junior', N'Chiến tranh, Chính kịch, Lịch sử', 180, N'Tiếng Việt', CAST(N'2024-08-01T00:00:00.000' AS DateTime))
GO
INSERT [dbo].[PHIM] ([MAPHIM], [TENPHIM], [ANHBIA], [TRAILER], [DAODIEN], [DIENVIEN], [THELOAI], [THOILUONG], [NGONNGU], [KHOICHIEU]) VALUES (N'M003', N'Avengers: Endgame', N'avengers_endgame.jpg', N'https://www.youtube.com/watch?v=TcMBFSGVi1c', N'Chris Renaud, Patrick Delage', N'Steve Carell, Kristen Wiig, Joey King', N'Hành động, Phiêu lưu, Sci-fi', 181, N'Tiếng Việt', CAST(N'2024-08-01T00:00:00.000' AS DateTime))
GO
INSERT [dbo].[PHIM] ([MAPHIM], [TENPHIM], [ANHBIA], [TRAILER], [DAODIEN], [DIENVIEN], [THELOAI], [THOILUONG], [NGONNGU], [KHOICHIEU]) VALUES (N'M004', N'The Godfather', N'the_godfather.jpg', N'https://www.youtube.com/watch?v=UaVTIH8mujA', N'Francis Ford Coppola', N'Marlon Brando, Al Pacino, James Caan', N'Tội phạm, Chính kịch', 175, N'Tiếng Việt', CAST(N'2024-08-01T00:00:00.000' AS DateTime))
GO
INSERT [dbo].[PHIM] ([MAPHIM], [TENPHIM], [ANHBIA], [TRAILER], [DAODIEN], [DIENVIEN], [THELOAI], [THOILUONG], [NGONNGU], [KHOICHIEU]) VALUES (N'M005', N'Spirited Away', N'spirited_away.jpg', N'https://www.youtube.com/watch?v=fDUFP7EeXLE', N'Hayao Miyazaki', N'Daveigh Chase, Suzanne Pleshette, Miyu Irino', N'Hoạt hình, Phiêu lưu, Gia đình', 125, N'Tiếng Việt', CAST(N'2024-07-25T00:00:00.000' AS DateTime))
GO
INSERT [dbo].[PHIM] ([MAPHIM], [TENPHIM], [ANHBIA], [TRAILER], [DAODIEN], [DIENVIEN], [THELOAI], [THOILUONG], [NGONNGU], [KHOICHIEU]) VALUES (N'M006', N'Spider-man: Into the Spider-Verse', N'spider-man_into_the_spider-verse.jpg', N'https://www.youtube.com/watch?v=ii3n7hYQOl4', N'Joaquim Dos Santos, Kemp Powers, Justin K. Thompson', N'Shameik Moore, Hailee Steinfeld, Jake Johnson', N'Hoạt hình, Hành động, Phiêu lưu', 116, N'Tiếng Việt', CAST(N'2024-07-25T00:00:00.000' AS DateTime))
GO
INSERT [dbo].[PHIM] ([MAPHIM], [TENPHIM], [ANHBIA], [TRAILER], [DAODIEN], [DIENVIEN], [THELOAI], [THOILUONG], [NGONNGU], [KHOICHIEU]) VALUES (N'M007', N'Inception', N'inception.jpg', N'https://www.youtube.com/watch?v=8hP9D6kZseM', N'Christopher Nolan', N'Leonardo DiCaprio, Joseph Gordon-Levitt, Elliot Page', N'ành động, Phiêu lưu, Sci-fi', 148, N'Tiếng Việt', CAST(N'2024-07-25T00:00:00.000' AS DateTime))
GO
INSERT [dbo].[PHIM] ([MAPHIM], [TENPHIM], [ANHBIA], [TRAILER], [DAODIEN], [DIENVIEN], [THELOAI], [THOILUONG], [NGONNGU], [KHOICHIEU]) VALUES (N'M008', N'Coco', N'coco.jpg', N'https://www.youtube.com/watch?v=xlnPHQ3TLX8', N'Lee Unkrich, Adrian Molina', N'Anthony Gonzalez, Gael García Bernal, Benjamin Bratt', N'Hoạt hình, Phiêu lưu, Chính kịch', 105, N'Tiếng Việt', CAST(N'2024-07-25T00:00:00.000' AS DateTime))
GO
INSERT [dbo].[PHIM] ([MAPHIM], [TENPHIM], [ANHBIA], [TRAILER], [DAODIEN], [DIENVIEN], [THELOAI], [THOILUONG], [NGONNGU], [KHOICHIEU]) VALUES (N'M009', N'John Wick 4', N'john_wick_4.jpg', N'https://www.youtube.com/watch?v=qEVUtrk8_B4', N'Chad Stahelski', N'Keanu Reeves, Donnie Yen', N'Hành động, Hình sự', 169, N'Tiếng Anh', CAST(N'2024-08-15T00:00:00.000' AS DateTime))
GO
INSERT [dbo].[PHIM] ([MAPHIM], [TENPHIM], [ANHBIA], [TRAILER], [DAODIEN], [DIENVIEN], [THELOAI], [THOILUONG], [NGONNGU], [KHOICHIEU]) VALUES (N'M010', N'Avatar 2', N'avatar_2.jpg', N'https://www.youtube.com/watch?v=a8Gx8wiNbs8', N'James Cameron', N'Sam Worthington, Zoe Saldana', N'Khoa học viễn tưởng, Phiêu lưu', 192, N'Tiếng Anh', CAST(N'2024-08-20T00:00:00.000' AS DateTime))
GO
INSERT [dbo].[PHIM] ([MAPHIM], [TENPHIM], [ANHBIA], [TRAILER], [DAODIEN], [DIENVIEN], [THELOAI], [THOILUONG], [NGONNGU], [KHOICHIEU]) VALUES (N'M111', N'Avengers', N'avengers.jpg', N'aaa', N'aaa', N'aaa', N'aaa', 123, N'Tiếng Việt', CAST(N'2003-08-12T00:00:00.000' AS DateTime))
GO
INSERT [dbo].[PHONGCHIEU] ([MAPHONG], [TENPHONG]) VALUES (N'P001', N'Phòng 1')
GO
INSERT [dbo].[PHONGCHIEU] ([MAPHONG], [TENPHONG]) VALUES (N'P002', N'Phòng 2')
GO
INSERT [dbo].[PHONGCHIEU] ([MAPHONG], [TENPHONG]) VALUES (N'P003', N'Phòng 3')
GO
INSERT [dbo].[PHONGCHIEU] ([MAPHONG], [TENPHONG]) VALUES (N'P004', N'Phòng 4')
GO
INSERT [dbo].[SUATCHIEU] ([MASUAT], [NGAYCHIEU], [KHUNGGIO], [MAPHIM], [MAPHONG]) VALUES (N'S001', CAST(N'2024-08-01' AS Date), CAST(N'17:00:00' AS Time), N'M001', N'P001')
GO
INSERT [dbo].[SUATCHIEU] ([MASUAT], [NGAYCHIEU], [KHUNGGIO], [MAPHIM], [MAPHONG]) VALUES (N'S002', CAST(N'2024-08-02' AS Date), CAST(N'15:00:00' AS Time), N'M001', N'P002')
GO
INSERT [dbo].[SUATCHIEU] ([MASUAT], [NGAYCHIEU], [KHUNGGIO], [MAPHIM], [MAPHONG]) VALUES (N'S003', CAST(N'2024-08-03' AS Date), CAST(N'15:00:00' AS Time), N'M001', N'P003')
GO
INSERT [dbo].[SUATCHIEU] ([MASUAT], [NGAYCHIEU], [KHUNGGIO], [MAPHIM], [MAPHONG]) VALUES (N'S004', CAST(N'2024-08-04' AS Date), CAST(N'15:00:00' AS Time), N'M001', N'P004')
GO
INSERT [dbo].[SUATCHIEU] ([MASUAT], [NGAYCHIEU], [KHUNGGIO], [MAPHIM], [MAPHONG]) VALUES (N'S005', CAST(N'2024-08-01' AS Date), CAST(N'15:00:00' AS Time), N'M002', N'P002')
GO
INSERT [dbo].[SUATCHIEU] ([MASUAT], [NGAYCHIEU], [KHUNGGIO], [MAPHIM], [MAPHONG]) VALUES (N'S006', CAST(N'2024-08-02' AS Date), CAST(N'15:00:00' AS Time), N'M002', N'P003')
GO
INSERT [dbo].[SUATCHIEU] ([MASUAT], [NGAYCHIEU], [KHUNGGIO], [MAPHIM], [MAPHONG]) VALUES (N'S007', CAST(N'2024-08-03' AS Date), CAST(N'15:00:00' AS Time), N'M002', N'P004')
GO
INSERT [dbo].[SUATCHIEU] ([MASUAT], [NGAYCHIEU], [KHUNGGIO], [MAPHIM], [MAPHONG]) VALUES (N'S008', CAST(N'2024-08-04' AS Date), CAST(N'15:00:00' AS Time), N'M002', N'P001')
GO
INSERT [dbo].[SUATCHIEU] ([MASUAT], [NGAYCHIEU], [KHUNGGIO], [MAPHIM], [MAPHONG]) VALUES (N'S009', CAST(N'2024-08-01' AS Date), CAST(N'15:00:00' AS Time), N'M003', N'P003')
GO
INSERT [dbo].[SUATCHIEU] ([MASUAT], [NGAYCHIEU], [KHUNGGIO], [MAPHIM], [MAPHONG]) VALUES (N'S010', CAST(N'2024-08-02' AS Date), CAST(N'15:00:00' AS Time), N'M003', N'P004')
GO
INSERT [dbo].[SUATCHIEU] ([MASUAT], [NGAYCHIEU], [KHUNGGIO], [MAPHIM], [MAPHONG]) VALUES (N'S011', CAST(N'2024-08-03' AS Date), CAST(N'15:00:00' AS Time), N'M003', N'P001')
GO
INSERT [dbo].[SUATCHIEU] ([MASUAT], [NGAYCHIEU], [KHUNGGIO], [MAPHIM], [MAPHONG]) VALUES (N'S012', CAST(N'2024-08-04' AS Date), CAST(N'15:00:00' AS Time), N'M003', N'P002')
GO
INSERT [dbo].[SUATCHIEU] ([MASUAT], [NGAYCHIEU], [KHUNGGIO], [MAPHIM], [MAPHONG]) VALUES (N'S013', CAST(N'2024-08-01' AS Date), CAST(N'15:00:00' AS Time), N'M004', N'P004')
GO
INSERT [dbo].[SUATCHIEU] ([MASUAT], [NGAYCHIEU], [KHUNGGIO], [MAPHIM], [MAPHONG]) VALUES (N'S014', CAST(N'2024-08-02' AS Date), CAST(N'15:00:00' AS Time), N'M004', N'P001')
GO
INSERT [dbo].[SUATCHIEU] ([MASUAT], [NGAYCHIEU], [KHUNGGIO], [MAPHIM], [MAPHONG]) VALUES (N'S015', CAST(N'2024-08-03' AS Date), CAST(N'15:00:00' AS Time), N'M004', N'P002')
GO
INSERT [dbo].[SUATCHIEU] ([MASUAT], [NGAYCHIEU], [KHUNGGIO], [MAPHIM], [MAPHONG]) VALUES (N'S016', CAST(N'2024-08-04' AS Date), CAST(N'15:00:00' AS Time), N'M004', N'P003')
GO
INSERT [dbo].[SUATCHIEU] ([MASUAT], [NGAYCHIEU], [KHUNGGIO], [MAPHIM], [MAPHONG]) VALUES (N'S017', CAST(N'2024-07-25' AS Date), CAST(N'15:00:00' AS Time), N'M006', N'P001')
GO
INSERT [dbo].[SUATCHIEU] ([MASUAT], [NGAYCHIEU], [KHUNGGIO], [MAPHIM], [MAPHONG]) VALUES (N'S018', CAST(N'2024-07-26' AS Date), CAST(N'15:00:00' AS Time), N'M006', N'P002')
GO
INSERT [dbo].[SUATCHIEU] ([MASUAT], [NGAYCHIEU], [KHUNGGIO], [MAPHIM], [MAPHONG]) VALUES (N'S019', CAST(N'2024-07-27' AS Date), CAST(N'15:00:00' AS Time), N'M006', N'P003')
GO
INSERT [dbo].[SUATCHIEU] ([MASUAT], [NGAYCHIEU], [KHUNGGIO], [MAPHIM], [MAPHONG]) VALUES (N'S020', CAST(N'2024-07-28' AS Date), CAST(N'15:00:00' AS Time), N'M006', N'P004')
GO
INSERT [dbo].[SUATCHIEU] ([MASUAT], [NGAYCHIEU], [KHUNGGIO], [MAPHIM], [MAPHONG]) VALUES (N'S021', CAST(N'2024-07-25' AS Date), CAST(N'15:00:00' AS Time), N'M005', N'P001')
GO
INSERT [dbo].[SUATCHIEU] ([MASUAT], [NGAYCHIEU], [KHUNGGIO], [MAPHIM], [MAPHONG]) VALUES (N'S022', CAST(N'2024-07-26' AS Date), CAST(N'15:00:00' AS Time), N'M005', N'P002')
GO
INSERT [dbo].[SUATCHIEU] ([MASUAT], [NGAYCHIEU], [KHUNGGIO], [MAPHIM], [MAPHONG]) VALUES (N'S023', CAST(N'2024-07-27' AS Date), CAST(N'15:00:00' AS Time), N'M005', N'P003')
GO
INSERT [dbo].[SUATCHIEU] ([MASUAT], [NGAYCHIEU], [KHUNGGIO], [MAPHIM], [MAPHONG]) VALUES (N'S024', CAST(N'2024-07-28' AS Date), CAST(N'15:00:00' AS Time), N'M005', N'P004')
GO
INSERT [dbo].[SUATCHIEU] ([MASUAT], [NGAYCHIEU], [KHUNGGIO], [MAPHIM], [MAPHONG]) VALUES (N'S025', CAST(N'2024-07-25' AS Date), CAST(N'15:00:00' AS Time), N'M007', N'P001')
GO
INSERT [dbo].[SUATCHIEU] ([MASUAT], [NGAYCHIEU], [KHUNGGIO], [MAPHIM], [MAPHONG]) VALUES (N'S026', CAST(N'2024-07-26' AS Date), CAST(N'15:00:00' AS Time), N'M007', N'P002')
GO
INSERT [dbo].[SUATCHIEU] ([MASUAT], [NGAYCHIEU], [KHUNGGIO], [MAPHIM], [MAPHONG]) VALUES (N'S027', CAST(N'2024-07-27' AS Date), CAST(N'15:00:00' AS Time), N'M007', N'P003')
GO
INSERT [dbo].[SUATCHIEU] ([MASUAT], [NGAYCHIEU], [KHUNGGIO], [MAPHIM], [MAPHONG]) VALUES (N'S028', CAST(N'2024-07-28' AS Date), CAST(N'15:00:00' AS Time), N'M007', N'P004')
GO
INSERT [dbo].[SUATCHIEU] ([MASUAT], [NGAYCHIEU], [KHUNGGIO], [MAPHIM], [MAPHONG]) VALUES (N'S029', CAST(N'2024-07-25' AS Date), CAST(N'15:00:00' AS Time), N'M008', N'P001')
GO
INSERT [dbo].[SUATCHIEU] ([MASUAT], [NGAYCHIEU], [KHUNGGIO], [MAPHIM], [MAPHONG]) VALUES (N'S030', CAST(N'2024-07-26' AS Date), CAST(N'15:00:00' AS Time), N'M008', N'P002')
GO
INSERT [dbo].[SUATCHIEU] ([MASUAT], [NGAYCHIEU], [KHUNGGIO], [MAPHIM], [MAPHONG]) VALUES (N'S031', CAST(N'2024-07-27' AS Date), CAST(N'15:00:00' AS Time), N'M008', N'P003')
GO
INSERT [dbo].[SUATCHIEU] ([MASUAT], [NGAYCHIEU], [KHUNGGIO], [MAPHIM], [MAPHONG]) VALUES (N'S032', CAST(N'2024-08-05' AS Date), CAST(N'17:00:00' AS Time), N'M009', N'P001')
GO
INSERT [dbo].[SUATCHIEU] ([MASUAT], [NGAYCHIEU], [KHUNGGIO], [MAPHIM], [MAPHONG]) VALUES (N'S033', CAST(N'2024-08-06' AS Date), CAST(N'17:00:00' AS Time), N'M009', N'P002')
GO
INSERT [dbo].[SUATCHIEU] ([MASUAT], [NGAYCHIEU], [KHUNGGIO], [MAPHIM], [MAPHONG]) VALUES (N'S034', CAST(N'2024-08-07' AS Date), CAST(N'17:00:00' AS Time), N'M009', N'P003')
GO
INSERT [dbo].[SUATCHIEU] ([MASUAT], [NGAYCHIEU], [KHUNGGIO], [MAPHIM], [MAPHONG]) VALUES (N'S035', CAST(N'2024-08-08' AS Date), CAST(N'17:00:00' AS Time), N'M009', N'P004')
GO
INSERT [dbo].[SUATCHIEU] ([MASUAT], [NGAYCHIEU], [KHUNGGIO], [MAPHIM], [MAPHONG]) VALUES (N'S036', CAST(N'2024-08-20' AS Date), CAST(N'19:00:00' AS Time), N'M010', N'P001')
GO
INSERT [dbo].[SUATCHIEU] ([MASUAT], [NGAYCHIEU], [KHUNGGIO], [MAPHIM], [MAPHONG]) VALUES (N'S037', CAST(N'2024-08-21' AS Date), CAST(N'19:00:00' AS Time), N'M010', N'P002')
GO
INSERT [dbo].[SUATCHIEU] ([MASUAT], [NGAYCHIEU], [KHUNGGIO], [MAPHIM], [MAPHONG]) VALUES (N'S038', CAST(N'2024-08-22' AS Date), CAST(N'19:00:00' AS Time), N'M010', N'P003')
GO
INSERT [dbo].[SUATCHIEU] ([MASUAT], [NGAYCHIEU], [KHUNGGIO], [MAPHIM], [MAPHONG]) VALUES (N'S039', CAST(N'2024-08-23' AS Date), CAST(N'19:00:00' AS Time), N'M010', N'P004')
GO
INSERT [dbo].[SUATCHIEU] ([MASUAT], [NGAYCHIEU], [KHUNGGIO], [MAPHIM], [MAPHONG]) VALUES (N'S040', CAST(N'2024-07-28' AS Date), CAST(N'15:00:00' AS Time), N'M008', N'P004')
GO
INSERT [dbo].[GHE] ([MAGHE], [MADAY]) VALUES (N'A1', N'A')
GO
INSERT [dbo].[GHE] ([MAGHE], [MADAY]) VALUES (N'A10', N'A')
GO
INSERT [dbo].[GHE] ([MAGHE], [MADAY]) VALUES (N'A11', N'A')
GO
INSERT [dbo].[GHE] ([MAGHE], [MADAY]) VALUES (N'A12', N'A')
GO
INSERT [dbo].[GHE] ([MAGHE], [MADAY]) VALUES (N'A2', N'A')
GO
INSERT [dbo].[GHE] ([MAGHE], [MADAY]) VALUES (N'A3', N'A')
GO
INSERT [dbo].[GHE] ([MAGHE], [MADAY]) VALUES (N'A4', N'A')
GO
INSERT [dbo].[GHE] ([MAGHE], [MADAY]) VALUES (N'A5', N'A')
GO
INSERT [dbo].[GHE] ([MAGHE], [MADAY]) VALUES (N'A6', N'A')
GO
INSERT [dbo].[GHE] ([MAGHE], [MADAY]) VALUES (N'A7', N'A')
GO
INSERT [dbo].[GHE] ([MAGHE], [MADAY]) VALUES (N'A8', N'A')
GO
INSERT [dbo].[GHE] ([MAGHE], [MADAY]) VALUES (N'A9', N'A')
GO
INSERT [dbo].[GHE] ([MAGHE], [MADAY]) VALUES (N'B1', N'B')
GO
INSERT [dbo].[GHE] ([MAGHE], [MADAY]) VALUES (N'B10', N'B')
GO
INSERT [dbo].[GHE] ([MAGHE], [MADAY]) VALUES (N'B11', N'B')
GO
INSERT [dbo].[GHE] ([MAGHE], [MADAY]) VALUES (N'B12', N'B')
GO
INSERT [dbo].[GHE] ([MAGHE], [MADAY]) VALUES (N'B2', N'B')
GO
INSERT [dbo].[GHE] ([MAGHE], [MADAY]) VALUES (N'B3', N'B')
GO
INSERT [dbo].[GHE] ([MAGHE], [MADAY]) VALUES (N'B4', N'B')
GO
INSERT [dbo].[GHE] ([MAGHE], [MADAY]) VALUES (N'B5', N'B')
GO
INSERT [dbo].[GHE] ([MAGHE], [MADAY]) VALUES (N'B6', N'B')
GO
INSERT [dbo].[GHE] ([MAGHE], [MADAY]) VALUES (N'B7', N'B')
GO
INSERT [dbo].[GHE] ([MAGHE], [MADAY]) VALUES (N'B8', N'B')
GO
INSERT [dbo].[GHE] ([MAGHE], [MADAY]) VALUES (N'B9', N'B')
GO
INSERT [dbo].[GHE] ([MAGHE], [MADAY]) VALUES (N'C1', N'C')
GO
INSERT [dbo].[GHE] ([MAGHE], [MADAY]) VALUES (N'C10', N'C')
GO
INSERT [dbo].[GHE] ([MAGHE], [MADAY]) VALUES (N'C11', N'C')
GO
INSERT [dbo].[GHE] ([MAGHE], [MADAY]) VALUES (N'C12', N'C')
GO
INSERT [dbo].[GHE] ([MAGHE], [MADAY]) VALUES (N'C2', N'C')
GO
INSERT [dbo].[GHE] ([MAGHE], [MADAY]) VALUES (N'C3', N'C')
GO
INSERT [dbo].[GHE] ([MAGHE], [MADAY]) VALUES (N'C4', N'C')
GO
INSERT [dbo].[GHE] ([MAGHE], [MADAY]) VALUES (N'C5', N'C')
GO
INSERT [dbo].[GHE] ([MAGHE], [MADAY]) VALUES (N'C6', N'C')
GO
INSERT [dbo].[GHE] ([MAGHE], [MADAY]) VALUES (N'C7', N'C')
GO
INSERT [dbo].[GHE] ([MAGHE], [MADAY]) VALUES (N'C8', N'C')
GO
INSERT [dbo].[GHE] ([MAGHE], [MADAY]) VALUES (N'C9', N'C')
GO
INSERT [dbo].[GHE] ([MAGHE], [MADAY]) VALUES (N'D1', N'D')
GO
INSERT [dbo].[GHE] ([MAGHE], [MADAY]) VALUES (N'D10', N'D')
GO
INSERT [dbo].[GHE] ([MAGHE], [MADAY]) VALUES (N'D11', N'D')
GO
INSERT [dbo].[GHE] ([MAGHE], [MADAY]) VALUES (N'D12', N'D')
GO
INSERT [dbo].[GHE] ([MAGHE], [MADAY]) VALUES (N'D2', N'D')
GO
INSERT [dbo].[GHE] ([MAGHE], [MADAY]) VALUES (N'D3', N'D')
GO
INSERT [dbo].[GHE] ([MAGHE], [MADAY]) VALUES (N'D4', N'D')
GO
INSERT [dbo].[GHE] ([MAGHE], [MADAY]) VALUES (N'D5', N'D')
GO
INSERT [dbo].[GHE] ([MAGHE], [MADAY]) VALUES (N'D6', N'D')
GO
INSERT [dbo].[GHE] ([MAGHE], [MADAY]) VALUES (N'D7', N'D')
GO
INSERT [dbo].[GHE] ([MAGHE], [MADAY]) VALUES (N'D8', N'D')
GO
INSERT [dbo].[GHE] ([MAGHE], [MADAY]) VALUES (N'D9', N'D')
GO
INSERT [dbo].[GHE] ([MAGHE], [MADAY]) VALUES (N'E1', N'E')
GO
INSERT [dbo].[GHE] ([MAGHE], [MADAY]) VALUES (N'E10', N'E')
GO
INSERT [dbo].[GHE] ([MAGHE], [MADAY]) VALUES (N'E11', N'E')
GO
INSERT [dbo].[GHE] ([MAGHE], [MADAY]) VALUES (N'E12', N'E')
GO
INSERT [dbo].[GHE] ([MAGHE], [MADAY]) VALUES (N'E2', N'E')
GO
INSERT [dbo].[GHE] ([MAGHE], [MADAY]) VALUES (N'E3', N'E')
GO
INSERT [dbo].[GHE] ([MAGHE], [MADAY]) VALUES (N'E4', N'E')
GO
INSERT [dbo].[GHE] ([MAGHE], [MADAY]) VALUES (N'E5', N'E')
GO
INSERT [dbo].[GHE] ([MAGHE], [MADAY]) VALUES (N'E6', N'E')
GO
INSERT [dbo].[GHE] ([MAGHE], [MADAY]) VALUES (N'E7', N'E')
GO
INSERT [dbo].[GHE] ([MAGHE], [MADAY]) VALUES (N'E8', N'E')
GO
INSERT [dbo].[GHE] ([MAGHE], [MADAY]) VALUES (N'E9', N'E')
GO
INSERT [dbo].[GHE] ([MAGHE], [MADAY]) VALUES (N'F1', N'F')
GO
INSERT [dbo].[GHE] ([MAGHE], [MADAY]) VALUES (N'F10', N'F')
GO
INSERT [dbo].[GHE] ([MAGHE], [MADAY]) VALUES (N'F11', N'F')
GO
INSERT [dbo].[GHE] ([MAGHE], [MADAY]) VALUES (N'F12', N'F')
GO
INSERT [dbo].[GHE] ([MAGHE], [MADAY]) VALUES (N'F2', N'F')
GO
INSERT [dbo].[GHE] ([MAGHE], [MADAY]) VALUES (N'F3', N'F')
GO
INSERT [dbo].[GHE] ([MAGHE], [MADAY]) VALUES (N'F4', N'F')
GO
INSERT [dbo].[GHE] ([MAGHE], [MADAY]) VALUES (N'F5', N'F')
GO
INSERT [dbo].[GHE] ([MAGHE], [MADAY]) VALUES (N'F6', N'F')
GO
INSERT [dbo].[GHE] ([MAGHE], [MADAY]) VALUES (N'F7', N'F')
GO
INSERT [dbo].[GHE] ([MAGHE], [MADAY]) VALUES (N'F8', N'F')
GO
INSERT [dbo].[GHE] ([MAGHE], [MADAY]) VALUES (N'F9', N'F')
GO
INSERT [dbo].[DATVE] ([MAVE], [TRANGTHAI], [GIAVE], [MAGHE], [MASUAT], [Email]) VALUES (N'V0000', N'Chưa đặt', 45000, N'D6', N'S009', N'tranquochuy061204@gmail.com')
GO
INSERT [dbo].[DATVE] ([MAVE], [TRANGTHAI], [GIAVE], [MAGHE], [MASUAT], [Email]) VALUES (N'V00001', N'Chưa đặt', 45000, N'D6', N'S005', N'tranquochuy061204@gmail.com')
GO
INSERT [dbo].[DATVE] ([MAVE], [TRANGTHAI], [GIAVE], [MAGHE], [MASUAT], [Email]) VALUES (N'V00002', N'Chưa đặt', 45000, N'D7', N'S005', N'tranquochuy061204@gmail.com')
GO
INSERT [dbo].[DATVE] ([MAVE], [TRANGTHAI], [GIAVE], [MAGHE], [MASUAT], [Email]) VALUES (N'V0001', N'Chưa đặt', 45000, N'C6', N'S005', N'tranquochuy061204@gmail.com')
GO
INSERT [dbo].[DATVE] ([MAVE], [TRANGTHAI], [GIAVE], [MAGHE], [MASUAT], [Email]) VALUES (N'V001', N'Đã đặt', 60000, N'A1', N'S001', NULL)
GO
INSERT [dbo].[DATVE] ([MAVE], [TRANGTHAI], [GIAVE], [MAGHE], [MASUAT], [Email]) VALUES (N'V002', N'Đã đặt', 60000, N'D4', N'S008', NULL)
GO
INSERT [dbo].[DATVE] ([MAVE], [TRANGTHAI], [GIAVE], [MAGHE], [MASUAT], [Email]) VALUES (N'V003', N'Đã đặt', 60000, N'B2', N'S002', NULL)
GO
INSERT [dbo].[DATVE] ([MAVE], [TRANGTHAI], [GIAVE], [MAGHE], [MASUAT], [Email]) VALUES (N'V004', N'Đã đặt', 60000, N'D4', N'S005', NULL)
GO
INSERT [dbo].[DATVE] ([MAVE], [TRANGTHAI], [GIAVE], [MAGHE], [MASUAT], [Email]) VALUES (N'V005', N'Đã đặt', 60000, N'A1', N'S003', NULL)
GO
INSERT [dbo].[DATVE] ([MAVE], [TRANGTHAI], [GIAVE], [MAGHE], [MASUAT], [Email]) VALUES (N'V006', N'Đã đặt', 60000, N'D4', N'S006', NULL)
GO
INSERT [dbo].[DATVE] ([MAVE], [TRANGTHAI], [GIAVE], [MAGHE], [MASUAT], [Email]) VALUES (N'V0065', N'Chưa đặt', 45000, N'B5', N'S001', N'tranquochuy061204@gmail.com')
GO
INSERT [dbo].[DATVE] ([MAVE], [TRANGTHAI], [GIAVE], [MAGHE], [MASUAT], [Email]) VALUES (N'V007', N'Đã đặt', 60000, N'C3', N'S004', NULL)
GO
INSERT [dbo].[DATVE] ([MAVE], [TRANGTHAI], [GIAVE], [MAGHE], [MASUAT], [Email]) VALUES (N'V008', N'Đã đặt', 60000, N'D4', N'S007', NULL)
GO
INSERT [dbo].[DATVE] ([MAVE], [TRANGTHAI], [GIAVE], [MAGHE], [MASUAT], [Email]) VALUES (N'V009', N'Đã đặt', 70000, N'A1', N'S033', NULL)
GO
INSERT [dbo].[DATVE] ([MAVE], [TRANGTHAI], [GIAVE], [MAGHE], [MASUAT], [Email]) VALUES (N'V010', N'Đã đặt', 70000, N'D4', N'S034', NULL)
GO
INSERT [dbo].[DATVE] ([MAVE], [TRANGTHAI], [GIAVE], [MAGHE], [MASUAT], [Email]) VALUES (N'V011', N'Đã đặt', 70000, N'B2', N'S037', NULL)
GO
INSERT [dbo].[DATVE] ([MAVE], [TRANGTHAI], [GIAVE], [MAGHE], [MASUAT], [Email]) VALUES (N'V012', N'Đã đặt', 70000, N'D4', N'S038', NULL)
GO
INSERT [dbo].[DATVE] ([MAVE], [TRANGTHAI], [GIAVE], [MAGHE], [MASUAT], [Email]) VALUES (N'V040', N'Chưa đặt', 0, N'D6', N'S001', N'tranquochuy061204@gmail.com')
GO
INSERT [dbo].[DATVE] ([MAVE], [TRANGTHAI], [GIAVE], [MAGHE], [MASUAT], [Email]) VALUES (N'V0401', N'Chưa đặt', 45000, N'C9', N'S001', N'tranquochuy061204@gmail.com')
GO
INSERT [dbo].[DATVE] ([MAVE], [TRANGTHAI], [GIAVE], [MAGHE], [MASUAT], [Email]) VALUES (N'V0402', N'Chưa đặt', 45000, N'C10', N'S001', N'tranquochuy061204@gmail.com')
GO
INSERT [dbo].[DATVE] ([MAVE], [TRANGTHAI], [GIAVE], [MAGHE], [MASUAT], [Email]) VALUES (N'V0799', N'Chưa đặt', 45000, N'D7', N'S001', N'tranquochuy061204@gmail.com')
GO
INSERT [dbo].[DATVE] ([MAVE], [TRANGTHAI], [GIAVE], [MAGHE], [MASUAT], [Email]) VALUES (N'V1103', N'Chưa đặt', 45000, N'C7', N'S005', N'tranquochuy061204@gmail.com')
GO
INSERT [dbo].[DATVE] ([MAVE], [TRANGTHAI], [GIAVE], [MAGHE], [MASUAT], [Email]) VALUES (N'V1378', N'Chưa đặt', 45000, N'D5', N'S001', N'tranquochuy061204@gmail.com')
GO
INSERT [dbo].[DATVE] ([MAVE], [TRANGTHAI], [GIAVE], [MAGHE], [MASUAT], [Email]) VALUES (N'V1701', N'Chưa đặt', 45000, N'B4', N'S001', N'tranquochuy061204@gmail.com')
GO
INSERT [dbo].[DATVE] ([MAVE], [TRANGTHAI], [GIAVE], [MAGHE], [MASUAT], [Email]) VALUES (N'V2058', N'Chưa đặt', 45000, N'D8', N'S001', N'tranquochuy061204@gmail.com')
GO
INSERT [dbo].[DATVE] ([MAVE], [TRANGTHAI], [GIAVE], [MAGHE], [MASUAT], [Email]) VALUES (N'V3206', N'Chưa đặt', 45000, N'D7', N'S001', N'tranquochuy061204@gmail.com')
GO
INSERT [dbo].[DATVE] ([MAVE], [TRANGTHAI], [GIAVE], [MAGHE], [MASUAT], [Email]) VALUES (N'V3652', N'Chưa đặt', 45000, N'B6', N'S001', N'tranquochuy061204@gmail.com')
GO
INSERT [dbo].[DATVE] ([MAVE], [TRANGTHAI], [GIAVE], [MAGHE], [MASUAT], [Email]) VALUES (N'V3694', N'Chưa đặt', 45000, N'D7', N'S001', N'tranquochuy061204@gmail.com')
GO
INSERT [dbo].[DATVE] ([MAVE], [TRANGTHAI], [GIAVE], [MAGHE], [MASUAT], [Email]) VALUES (N'V3787', N'Chưa đặt', 45000, N'C6', N'S001', N'kuhuytran0612@gmail.com')
GO
INSERT [dbo].[DATVE] ([MAVE], [TRANGTHAI], [GIAVE], [MAGHE], [MASUAT], [Email]) VALUES (N'V3914', N'Chưa đặt', 45000, N'B3', N'S005', N'kuhuytran0612@gmail.com')
GO
INSERT [dbo].[DATVE] ([MAVE], [TRANGTHAI], [GIAVE], [MAGHE], [MASUAT], [Email]) VALUES (N'V4690', N'Chưa đặt', 45000, N'C8', N'S005', N'tranquochuy061204@gmail.com')
GO
INSERT [dbo].[DATVE] ([MAVE], [TRANGTHAI], [GIAVE], [MAGHE], [MASUAT], [Email]) VALUES (N'V5157', N'Chưa đặt', 45000, N'D8', N'S005', N'tranquochuy061204@gmail.com')
GO
INSERT [dbo].[DATVE] ([MAVE], [TRANGTHAI], [GIAVE], [MAGHE], [MASUAT], [Email]) VALUES (N'V6560', N'Chưa đặt', 45000, N'D8', N'S001', N'tranquochuy061204@gmail.com')
GO
INSERT [dbo].[DATVE] ([MAVE], [TRANGTHAI], [GIAVE], [MAGHE], [MASUAT], [Email]) VALUES (N'V6794', N'Chưa đặt', 45000, N'D8', N'S001', N'tranquochuy061204@gmail.com')
GO
INSERT [dbo].[DATVE] ([MAVE], [TRANGTHAI], [GIAVE], [MAGHE], [MASUAT], [Email]) VALUES (N'V7374', N'Chưa đặt', 45000, N'C7', N'S001', N'kuhuytran0612@gmail.com')
GO
INSERT [dbo].[DATVE] ([MAVE], [TRANGTHAI], [GIAVE], [MAGHE], [MASUAT], [Email]) VALUES (N'V7502', N'Chưa đặt', 45000, N'B4', N'S005', N'kuhuytran0612@gmail.com')
GO
INSERT [dbo].[DATVE] ([MAVE], [TRANGTHAI], [GIAVE], [MAGHE], [MASUAT], [Email]) VALUES (N'V8745', N'Chưa đặt', 45000, N'D9', N'S005', N'tranquochuy061204@gmail.com')
GO
INSERT [dbo].[DATVE] ([MAVE], [TRANGTHAI], [GIAVE], [MAGHE], [MASUAT], [Email]) VALUES (N'V9142', N'Chưa đặt', 45000, N'D7', N'S001', N'tranquochuy061204@gmail.com')
GO
INSERT [dbo].[DATVE] ([MAVE], [TRANGTHAI], [GIAVE], [MAGHE], [MASUAT], [Email]) VALUES (N'V9162', N'Chưa đặt', 45000, N'D8', N'S001', N'tranquochuy061204@gmail.com')
GO
INSERT [dbo].[DATVE] ([MAVE], [TRANGTHAI], [GIAVE], [MAGHE], [MASUAT], [Email]) VALUES (N'V9741', N'Chưa đặt', 45000, N'D4', N'S001', N'tranquochuy061204@gmail.com')
GO
INSERT [dbo].[TAIKHOAN] ([MATK], [TENTK], [MATKHAU], [GIOITINH], [SDT], [NGAYSINH], [EMAIL]) VALUES (N'TK001', N'AdminHuy', N'e10adc3949ba59abbe56e057f20f883e', N'Nam', N'123456', CAST(N'2003-01-01T00:00:00.000' AS DateTime), N'tranquochuy061204@gmail.com')
GO
INSERT [dbo].[TAIKHOAN] ([MATK], [TENTK], [MATKHAU], [GIOITINH], [SDT], [NGAYSINH], [EMAIL]) VALUES (N'TK002', N'NhanVienNam', N'e10adc3949ba59abbe56e057f20f883e', N'Nam', N'0931420769', CAST(N'2003-09-10T00:00:00.000' AS DateTime), N'phuongnamn837@gmail.com')
GO
INSERT [dbo].[TAIKHOAN] ([MATK], [TENTK], [MATKHAU], [GIOITINH], [SDT], [NGAYSINH], [EMAIL]) VALUES (N'TK003', N'NhanVienDat', N'e10adc3949ba59abbe56e057f20f883e', N'Nam', N'123456', CAST(N'2002-01-01T00:00:00.000' AS DateTime), N'datle.245304@gmail.com')
GO
INSERT [dbo].[TAIKHOAN] ([MATK], [TENTK], [MATKHAU], [GIOITINH], [SDT], [NGAYSINH], [EMAIL]) VALUES (N'TK004', N'AAAAA', N'e10adc3949ba59abbe56e057f20f883e', N'Nam', N'123456', CAST(N'2001-01-01T00:00:00.000' AS DateTime), N'123@gmail.com')
GO
INSERT [dbo].[TAIKHOAN] ([MATK], [TENTK], [MATKHAU], [GIOITINH], [SDT], [NGAYSINH], [EMAIL]) VALUES (N'TK005', N'BBBBB', N'e10adc3949ba59abbe56e057f20f883e', N'Nữ', N'123456', CAST(N'2001-01-01T00:00:00.000' AS DateTime), N'123@gmail.com')
GO
INSERT [dbo].[TAIKHOAN] ([MATK], [TENTK], [MATKHAU], [GIOITINH], [SDT], [NGAYSINH], [EMAIL]) VALUES (N'TK006', N'CCCCC', N'e10adc3949ba59abbe56e057f20f883e', N'Nam', N'123456', CAST(N'2001-01-01T00:00:00.000' AS DateTime), N'123@gmail.com')
GO
INSERT [dbo].[VAITRO] ([MAVAITRO], [VAITRO]) VALUES (N'VT01', N'Admin')
GO
INSERT [dbo].[VAITRO] ([MAVAITRO], [VAITRO]) VALUES (N'VT02', N'Nhân viên')
GO
INSERT [dbo].[QUYEN] ([MAQUYEN], [MATK], [MAVAITRO]) VALUES (N'AD01', N'TK001', N'VT01')
GO
INSERT [dbo].[QUYEN] ([MAQUYEN], [MATK], [MAVAITRO]) VALUES (N'NV01', N'TK002', N'VT02')
GO
INSERT [dbo].[QUYEN] ([MAQUYEN], [MATK], [MAVAITRO]) VALUES (N'NV02', N'TK003', N'VT02')
GO
INSERT [dbo].[Tbl_IndentityRoles] ([Id], [Name]) VALUES (N'0464aa71-0dd2-4eaa-8984-c34b4e398f52', N'admin')
GO
INSERT [dbo].[Tbl_Users] ([Id], [Email], [EmailConfirmed], [PasswordHash], [SecurityStamp], [PhoneNumber], [PhoneNumberConfirmed], [TwoFactorEnabled], [LockoutEndDateUtc], [LockoutEnabled], [AccessFailedCount], [UserName], [FullName], [Password], [Role]) VALUES (N'0464aa71-0dd2-4eaa-8984-c34b4e398f52', N'kuhuytran061204@gmail.com', 0, N'AKAH+4+D9Vnm51qv5psIclu4agRGx1Z+pZOsMT1DRWuVRHfFlzwuKHEBKUJnE8HtmQ==', N'4ae0422a-27eb-40d5-92f3-02742287fe4a', N'0374763690', 0, 0, NULL, 1, 0, N'kuhuytran061204@gmail.com', N'Huy Quoc Trần', NULL, N'admin     ')
GO
INSERT [dbo].[Tbl_Users] ([Id], [Email], [EmailConfirmed], [PasswordHash], [SecurityStamp], [PhoneNumber], [PhoneNumberConfirmed], [TwoFactorEnabled], [LockoutEndDateUtc], [LockoutEnabled], [AccessFailedCount], [UserName], [FullName], [Password], [Role]) VALUES (N'087bfeb7-cc84-4ad6-ae25-f73d77f639d2', N'kuhuytran0612@gmail.com', 0, NULL, N'449cca96-346a-45a1-b3bf-d84750b7a025', N'0374763690', 0, 0, NULL, 1, 0, N'kuhuytran0612@gmail.com', N'Huy Quoc Trần', NULL, NULL)
GO
INSERT [dbo].[Tbl_Users] ([Id], [Email], [EmailConfirmed], [PasswordHash], [SecurityStamp], [PhoneNumber], [PhoneNumberConfirmed], [TwoFactorEnabled], [LockoutEndDateUtc], [LockoutEnabled], [AccessFailedCount], [UserName], [FullName], [Password], [Role]) VALUES (N'34b54a09-eaed-496b-a6c0-b6fdc3a81930', N'tranquochuy061204@gmail.com', 0, NULL, N'68992936-4b45-4995-a076-9d960210599b', NULL, 0, 0, NULL, 1, 0, N'tranquochuy061204@gmail.com', NULL, NULL, NULL)
GO
INSERT [dbo].[Tbl_Users] ([Id], [Email], [EmailConfirmed], [PasswordHash], [SecurityStamp], [PhoneNumber], [PhoneNumberConfirmed], [TwoFactorEnabled], [LockoutEndDateUtc], [LockoutEnabled], [AccessFailedCount], [UserName], [FullName], [Password], [Role]) VALUES (N'45e417a2-7eac-43ba-af2f-54a5db9b52ba', N'tranquochuy061200@gmail.com', 0, N'AAgFduptz2TqCHaL8P/pMq/Vlz/eh3FPr7RhJINq9FTZyM9mqgsGDozpqbpnJcKzdA==', N'36fc90bd-7194-4d77-824c-9bee3530fac8', N'0374763690', 0, 0, NULL, 1, 0, N'tranquochuy061200@gmail.com', N'Huy Quoc Trần', NULL, N'admin     ')
GO
INSERT [dbo].[IdentityUserRole] ([UserId], [RoleId]) VALUES (N'0464aa71-0dd2-4eaa-8984-c34b4e398f52', N'0464aa71-0dd2-4eaa-8984-c34b4e398f52')
GO
INSERT [dbo].[IdentityUserRole] ([UserId], [RoleId]) VALUES (N'087bfeb7-cc84-4ad6-ae25-f73d77f639d2', N'0464aa71-0dd2-4eaa-8984-c34b4e398f52')
GO
INSERT [dbo].[IdentityUserRole] ([UserId], [RoleId]) VALUES (N'34b54a09-eaed-496b-a6c0-b6fdc3a81930', N'0464aa71-0dd2-4eaa-8984-c34b4e398f52')
GO
INSERT [dbo].[Tbl_IdentityUserLogin] ([LoginProvider], [ProviderKey], [UserId]) VALUES (N'Google', N'105471449410782100002', N'087bfeb7-cc84-4ad6-ae25-f73d77f639d2')
GO
INSERT [dbo].[Tbl_IdentityUserLogin] ([LoginProvider], [ProviderKey], [UserId]) VALUES (N'Google', N'108910338034566583185', N'34b54a09-eaed-496b-a6c0-b6fdc3a81930')
GO
INSERT [dbo].[__MigrationHistory] ([MigrationId], [ContextKey], [Model], [ProductVersion]) VALUES (N'202408031942372_InitialCreate', N'Nhom6_DoAn_.Models.ApplicationDbContext', 0x1F8B0800000000000400DD5C5B6FE3B6127E2F70FE83A0A7738AD4CAE5EC621BD82D52273927389B0BD6D9E2BC05B4443BC24AA42A51D904457F591FFA93FA173A942859E245175BB19D628185450EBF190E87E47038CC9FBFFF31FEF1390CAC271C273E2513FB6874685B98B8D4F3C97262A76CF1DD07FBC71FFEF1CDF8C20B9FAD9F0BBA134E072D4932B11F198B4E1D27711F71889251E8BB314DE8828D5C1A3AC8A3CEF1E1E1F7CED1918301C2062CCB1A7F4A09F3439C7DC0E7941217472C45C135F570908872A89965A8D60D0A711221174FEC9B471ABE7F38A767E4619453DBD659E02390648683856D214228430CE43CFD9CE0198B2959CE222840C1FD4B84816E8182040BF94F57E45DBB7278CCBBE2AC1A16506E9A301AF6043C3A11BA71E4E66B69D82E7507DABB002DB317DEEB4C8313FBCAC359D1271A80026486A7D320E6C413FBBA6471964437988D8A86A31CF23206B8AF34FE32AA221E589DDB1D94B6743C3AE4FF0EAC691AB034C613825316A3E0C0BA4BE781EFFE0FBFDCD32F984C4E8EE68B930FEFDE23EFE4FDBFF1C9BB6A4FA1AF40572B80A2BB98463806D9F0A2ECBF6D39F5768EDCB06C5669936B056C09A6856D5DA3E78F982CD9234C98E30FB675E93F63AF2811C6F599F8308BA0118B53F8BC498300CD035CD63B8D3CF9FF0D5C8FDFBD1F84EB0D7AF297D9D04BFC61E2C430AF3EE120AB4D1EFD289F5EB5F17E106497310DF977DDBEF2DA87194D639777861A49EE51BCC4AC2EDDD859196F2793E650C39B7581BAFFA6CD2555CD5B4BCA3BB4CE4C28586C7B3614F2BE2EDFCE1677164530789969718D34199CBA598DA4D607568566653A475D4D874097FECE2BE14588FC6080A5B00317F042167E1CE2B2973F51303C447ACB7C8792045602EFBF28796C101D7E0E20FA0CBB690C063A63288C5E9DDBDD2325F8260DE7DCEEB7C76BB0A1B9FF4A2F91CB687C4178AB8DF13E52F70B4DD905F1CE11C39F995B00F2CF7B3FEC0E30883867AE8B93E4128C197B530A4E76017845D8C9716F38BE40EDDA159906C80FF5BE88B4943E14A42B7F444FA1F82406329D5FD224EA47BAF44937510B52B3A83945ABA882ACAFA81CAC9BA482D22C6846D02A674E3598A7978DD0F0AE5E06BBFFBEDE669BB7692DA8A871062B24FE0F26388665CCBB438CE198AC46A0CBBAB10B67211B3ECEF4D5F7A68CD3CF28488766B5D66CC81681E1674306BBFFB32113138A9F7C8F7B251D0E400531C077A2D79FADDAE79C24D9B6A743AD9BDB66BE9D35C0345DCE9284BA7E360B34A12F11B8A8CB0F3E9CD51EC5C87B234742A06360E83EDFF2A004FA66CB46754BCE718019B6CEDC3C343845898B3C558DD021AF8760C58EAA116C1511A90BF7ADC2132C1DC7BC11E287A00466AA4F983A2D7CE2FA110A5AB524B5ECB885F1BE973CE49A731C61C219B66AA20B737D00840B50F29106A54D4363A76271CD8668F05A4D63DEE6C2AEC65D894B6CC5265B7C67835D0AFFED550CB359635B30CE66957411C018CCDB85818AB34A5703900F2EFB66A0D289C960A0C2A5DA8A81D635B60303ADABE4CD19687E44ED3AFED27975DFCCB37E50DEFEB6DEA8AE1DD8664D1F7B669AB9EF096D18B4C0B16A9EE7735E899F99E67006728AF359225C5DD94438F80CB37AC866E5EF6AFD50A7194436A226C095A1B5808A6B40054899503D842B62798DD2092FA2076C11776B84156BBF045BB10115BB7A1D5A21345F9ACAC6D9E9F451F6ACB406C5C83B1D162A381A839017AF7AC73B28C514975515D3C517EEE30D573A2606A341412D9EAB4149456706D752619AED5AD239647D5CB28DB424B94F062D159D195C4BC246DB95A4710A7AB8051BA9A8BE850F34D98A4847B9DB94756327CF92120563C7904E35BE4651E4936525BD4A9458B33CB76AFADDAC7FD2519863386EA2C93D2AA52D39311AA325966A8135487AE9C7093B470CCD118FF34CBD5021D3EEAD86E5BF6059DD3ED5412CF681829AFF164938EAE57D6DAF559D118171093D0CB9479385D135E3AF6F6EF1743714A05813B99FD2200D89D9C132B7CEEFEFAAEDF3121561EC48F22B0E94A22DC5CDADABBED3C0A89362A0412AFD97F507CA0C615277E17D56156EF248CD284580AA8A620A5AED6CE04C8E4CAFC1927DC4FE63D58AF03AF34A24A6540144514F8C4A6E830256A9EB8E5A4F3FA962D66BBA234A39265548A9AA8794D54C929A90D58AB5F00C1AD55374E7A0E68E54D1D5DAEEC89A2C922AB4A67A0D6C8DCC725D77544DA249155853DD1D7B9575222FA27BBC73194F2E6B6F5DF9E176B3BDCB80F13A2BE2305B5FE50EBF0A5429EE89256EE9153051BE97D6643CE1AD6D4D794C63336B326098579EDAED777DE169BCB23763D6AEB46B8B7BD395BE19AF9FCDBEAA6528073C99A4E45E1EF4A403DD581CAEDA1FD128A7AD9CC4B60A35C2C6FE92301C8E38C168F64B300D7CCC97F182E01A117F811396A771D8C78747C7D23B9CFD7913E3248917680EA7A68731F531DB4246167942B1FB8862353F628377232B5025F47C453CFC3CB17FCD5A9D66510CFE2B2B3EB0AE92CFC4FF25858AFB38C5D66F6ABEE73079F41D5E6E9482FEF6269E447457F9D5FF1FF2A607D66D0CD3E9D43A9414BDCEF0D71F4AF492266FBA81346B3F9F78BBB3ADF636418B2ACD96F59F22CC7D36C8338442CA7F86E8F95F7D45D33E35D80851F39C6028BC4154687A2EB00E96F1A980079F2C7B2AD0AFB3FAA703EB88667C36E093FE60F2A381EECB50D17287FB90E6C0B48D2529D3736BD2F5461998BBDE9B94DCEC8D26BA9A7FDD036ED01CEBCD5C943796BB3CD8D6A9494D1E0C7B9776FFEAF9C8FB9282BC72DA779B79BCCD64E3860BA5BF558EF11E64C569B27C769F49BC6D5B334580F73C1DB35FBEF09E199BD8E6779F15BC6D63330588F7DCD87AE5FEEE99ADED6AFFDCB1A575DE42779EC9AB2625196E727451E4B64CDD3CE40EC7FF390523C83DCAFC81A53E35AC29ADB585E18AC4CCD49C93263356268EC257A16866DBAFAF62C36FECACA069666BC8E46CE22DD6FF46DE82A699B7213F721739C6DA0C455DDE77CB3AD6943EF596728A6B3D6949616FF3591BAFE5DF520AF1204AA9CD1EC3EDF2DBC9181E4425434E9D1E19C2EA4531EC9D95BFC908FB77E22F5710FC2F3412ECD676CD92E68A2C68B1794B1215245284E61A33E4C1967A16337F815C06D53C009DBD10CF827AFC1A648EBD2B729BB22865D0651CCE835AC08B3B014DFCB334E8BACCE3DB887F25437401C4F479E0FE96FC94FA8157CA7DA989091920B87721C2BD7C2C190FFB2E5F4AA41B4A3A0209F5954ED13D0EA300C0925B32434F781DD9C0FC3EE225725F5611401348FB40D4D53E3EF7D1324661223056EDE1136CD80B9F7FF80B1068E1C69A540000, N'6.2.0-61023')
GO
INSERT [dbo].[__MigrationHistory] ([MigrationId], [ContextKey], [Model], [ProductVersion]) VALUES (N'202408040540446_AutomaticMigration', N'Nhom6_DoAn_.Models.ApplicationDbContext', 0x1F8B0800000000000400DD5C5B6FE336167E2FB0FF41D0D36E915AB9EC0CA681DD227592DD6027178C33C5BE05B4443BC248A42A519904457F591FFA93FA177AA89B255E24CA566CA72850C4E2E1C7C3C38FE4E1E1E1FCF9FB1FE31F9FC3C07AC271E25332B18F4687B685894B3D9F2C2776CA16DF7DB07FFCE11FDF8C2FBCF0D9FAB9943BE17250932413FB91B1E8D47112F71187281985BE1BD3842ED8C8A5A1833CEA1C1F1E7EEF1C1D3918206CC0B2ACF1A794303FC4D90FF839A5C4C5114B51704D3D1C24C577289965A8D60D0A711221174FEC9B471ABE7F38A767E461944BDBD659E023D0648683856D214228430CF43CFD9CE0198B2959CE22F88082FB970883DC0205092EF43F5D899B76E5F09877C559552CA1DC346134EC09787452D8C611ABAF6561BBB21D58EF02ACCC5E78AF330B4EEC2B0F679F3ED1000C2036783A0D622E3CB1AFAB26CE92E806B351597194435EC600F795C65F4675C403CBB8DE41C5A5E3D121FFEFC09AA6014B633C213865310A0EACBB741EF8EEFFF0CB3DFD82C9E4E468BE38F9F0EE3DF24EDEFF1B9FBCABF714FA0A728D0FF0E92EA6118E4137BCA8FA6F5B4EB39E2356ACAAD5EAE456012EC1B4B0AD6BF4FC1193257B840973FCC1B62EFD67EC955F0A727D263ECC22A8C4E2147EDEA44180E601AECA9DD636F9FF5B5A3D7EF77E90566FD093BFCC865E681F264E0CF3EA130EB2D2E4D18FF2E9D518EF8742EC32A621FFDDE4575EFA30A369ECF2CE50ADC83D8A979835B51B3B2BF21A519A430D4FEB1275FFA9CD3595E9AD14E51D5A6726944D6C7B3694FABE6EBBC68C3B8B2218BC8C5ADC226D849337AB9150FBC0AAC9ACA873644A1D025DFA3BAF841721F2830196428356C00B59F87188AB5EFE44817888F4D6F90E2509AC04DE7F51F2D8A23AFC3980EA33ECA6311074C65018BD7A6B778F94E09B349C73DE6FAFADC186E6FE2BBD442EA3F105E1B536C6FB48DD2F346517C43B470C7F666E09C87FDEFBA139C020EA9CB92E4E924B2033F6A6149CEC12F08AB093E3DE707C81DAB52B320D901FAA7D1161297D284557FE885A42F24934622ABFA44DD58F74E91333554B51BDAAB944A7AA85585F55399899A685A45ED14CA053CF5C6A304F2F1BA1E15DBD0C76FF7DBDCD366FDD5A5033E30C5648FC1F4C700CCB98778718C331598D80C9BAB10B67211B3EDEE8ABEF4D594B3FA3201DBAA9B56643B6080C3F1B32D8FD9F0D999AF0F9C9F7B8576270002A8501DE485E7DB6EA9E738266DB9E0E8D6E6EBBF1EDAC01BAE9729624D4F5B359A0087D15818BA6FEE0C359DD518CBC376224043A0644F7F996075FA06FB648AA5B728E03CCB075E6E6A1C1294A5CE4C966840E793D142B77548562AB884853B96FA53681E938E695103F042530537DC2E469E113D78F50D06925A1A6E116C6FB5EB521969CE30813DE60A7254C1A570740B802553BC2A0745968ECD418D74E448DD7AA1BF32E177635EE525C622B9CECF09D35BC2CFCB7572166BBC5B640CE76939828A00DE6ED82A0C559C59400E2C165DF082A9C9834042D5CAAAD10B469B11D10B469923747D0FC886A3AFEC27975DFE8D93C286F7F5B6F35D70EB8D9B0C79E5133F73DA10E831A3896E9793EE785F899290E67A067713E4B0A5757A408079F61D60CD9ACFC5DA51FEAB48388246A035C11AD03B4B8069480A409D543B93296D7AA5DE145F4802DE36EADB0C5DA2FC0D6382063D7AF436B82FA4B53919C46A78FAA67151B24921B1D166A380A42888B57B3E30646D1C56565C398F8C27DBCE15AC78AC168315087E7AA3152D999C1AD5452B3DB4A2A87AC8F4BB6919504F74963A5B233835BA9E068B791144E410FB760231335B7F081265B19E9A8769BAA6CECE45952C587B1A349A71A5FA328F2C9B2965E557CB166796ED5F4BB59FFA4A330C770DC44917B54695BB5C4688C96582885A641D34B3F4ED83962688E789C67EA859298726FD52CFF6593F5ED531EC4721F28A5F9DF45128E7C79DFD86B6567A4C0B8841E86DCA3C9C2E88AF15757B778BA1B0A50AC88DC4F69908644EF60E96BE7F777F5FAF9171961EC08FA4B0E94642DC9CD6D9ADE6860E44931D02055FECBFA03A587D099BBF43EEB06D779A47A9432405547D105AD7636703A47A6D760893E62FFB1EA44789D795524A6D4018A4F3D316AB90D1258ADCC1CB5997E52C76C9698230A39267548A1A88796F54C928692F582B5F03416554B98B720E78ED4D1E55273644516491D5A51BC06B64267B1CC1C559168520756149B63AFB24EC445748F772EEDC965EDAD2B3FDC6EB67769305E67451C66EBABDDE1D7816A9F7B6215B7F41258F17D2FD9A43DE1ADCDA63CA6B1199B3418FA95A771FBDD5C785AAFECF5988D2BEDC6E2DE76A5AFC7EBC7D957658674C01345AAD6AB839E70A01B1787ABEE4734D2692B17B1ADD28CB0B1BF240C87232E309AFD124C031FF365BC14B846C45FE084E5691CF6F1E1D1B1F00E677FDEC43849E2058AC3A9EE614C73CCB69091459E50EC3EA258CE8FD8E0DDC80A540A3D5F110F3F4FEC5FB35AA7591483FF957D3EB0AE92CFC4FF258582FB38C5D66F72BEE73079F4062F372A457F7B134F22CC4D7EF5FF87BCEA81751BC3743AB50E0543AF33FCCD8712BDB4C9AB6EA0CDDACF27DEEE6C6BBC4D50A20AB365FDA708739F0DF20CA1D4F29F217AFE575FD5944F0D3642543C27180A6F1013EA9E0BAC83A57D2AE0C14F963D15E8D759F5D3817554D33E1BF0497F30F1D180F93254D6DCE13EA438306D6349CAECDC9974BD5106E6AEF72629377BA3892EE75FF7801B34C77A3317E58DE52E0FB6752A529307C3DE25EF5F3D1F795F5290574EFB6E338FB7996CDC72A1F4B7CA31DE83AC384596CFEE3389B7CD355D0478CFD331FBE50BEF19D98A6D7EF759C1DB269B2E40BCE764EB95FBBB675CDBD5FEB963A6196FA13BCFE4959392343739AA287257A66E1E7287E3FF9C0209728FF27E1E3C5C919A989C21D696DDDAD1EE4A44D576EFB45F6902490D4B12BA3E2B73ECBAF383CDD283BB3ABB6616B15912B17694F732DF5899ADA82243C79AD6964AF596F28B1B3DE94867EFF25F5BAFE8DF523AF12046694C21CD4DF3DBC91E1EC424434E9D1ED9C2F2A531ECA3B57F9F11F6F2C45FAE20F8BFD648B0DBD8412B992BB2A0E5462E68548A08D19A6BCC9007DBEB59CCFC05721914F36074F65A3C0BF0F12B9139F6AEC86DCAA294419771380F1AC12FEE10B4B59FA54437751EDF46FC57324417404D9F07F16FC94FA91F7895DE978AF89006827B1A45E8978F25E321E0E54B85744389215061BECA41BAC761140058724B66E809AFA31BD0EF235E22F765150DD481740F44D3ECE3731F2D63142605C6AA3EFC040E7BE1F30F7F013BC32D83A6540000, N'6.2.0-61023')
GO
INSERT [dbo].[__MigrationHistory] ([MigrationId], [ContextKey], [Model], [ProductVersion]) VALUES (N'202408040559234_update', N'Nhom6_DoAn_.Models.ApplicationDbContext', 0x1F8B0800000000000400DD5CDB6EE436127D0FB0FF20E86937705ABEEC0C26467702A7EDDE35767CC1B427D837832DB1DBC2489422511E1B41BE2C0FF9A4FC428ABA8B1789EA565F1C0408DC64F1B0582C92C5D2E1FCF9FB1FE31F5F7CCF78C651EC0664629E8C8E4D03133B705CB29A98095D7EF7C1FCF1877F7C33BE72FC17E3E742EE8CC9414B124FCC274AC373CB8AED27ECA378E4BB7614C4C1928EECC0B7901358A7C7C7DF5B272716060813B00C63FC2921D4F571FA037E4E0362E39026C8BB091CECC57939D4CC5354E316F9380E918D27E6ED53E0BF7FBC0C2EC8E32893368D0BCF45A0C91C7B4BD34084041451D0F3FC738CE7340AC86A1E4201F21E5E430C724BE4C538D7FFBC12D71DCAF1291B8A55352CA0EC24A681DF13F0E42CB78DC5375FCBC266693BB0DE155899BEB251A7169C98D70E4E8B3E051E1880EFF07CEA454C7862DE945D5CC4E12DA6A3A2E128839C4500F73588BE8CEA88478676BBA3D2974E47C7ECBF23639A783489F084E08446C83B32EE9385E7DAFFC3AF0FC1174C2667278BE5D98777EF9173F6FEDFF8EC5D7DA43056906B1440D17D14843802DDF0B21CBF6958CD7616DFB06C566B9359057C09968569DCA0978F98ACE8132C98D30FA631735FB05394E4CEF599B8B08AA0118D12F8799B781E5A78B8ACB75AFB64FF6FE9F5F4DDFB417ABD45CFEE2A9D7AAE7F583811ACAB4FD84B6BE32737CC965763BE1F73B15914F8EC77D3BFB2DAC7799044361B4CA0147940D10AD3A67663AB725E2D976650C3BB75817AF8AECD3415DD5B2ACA06B4CE4A28BAD8F56A28F4DD6EBFDA1E7711863079A96B318BB4399C78588DB8D647464DA6729D135DD72130A4BFF34E3803F18EDD10FED4EAB9BDA32B1FB9DE007BAE462F10EE2CDDC8C7A5397F0AC0C311E96D9C7B14C7B0E538FF45F1D3D60D34C77612C14A9853E4875BEFEDFE2920F836F1176C81EDAEAFC1A6E6E16B3043360DA22BC25A6D8CF731B0BF0409BD22CE25A2F833B50B40F6F3C1F5F5010651E7C2B6711CCFC099B1330D209A2F00AF093D3BED0DC776C27DC73C530FB9BE3CE8E1F6ECC742B40A7CE41242F0A3109305406DAA7E0C562ED153B51055AB9A4974AA9A8BF5559581E9699A4BAA154D053AF5CCA4060B29D3191A3EA64C610F3FA8DC2C4A50ED053533CE6187C4FFC10447B08D39F788521C916A0674F68D7D4425E9F4B14EB77E36A53DFD8CBC64E8AED65A0DE92630FC6A48610F7F35A46A42F1B3EBB0A844E3A6550803BC96BCFC12D7BDE638CD76BD1C1AC3DC75E7BBD90354CBE5228E03DB4D578124C79667489AFA430C6774A74BB2D1F02917181838BACB8E3C2881B199BC53DD914BEC618A8D0B3BCB414E516C234734230CC8E9A15871A24A14AB522F4DE5BE15FA044FC7116B84D825288695EA122A2E0B97D86E88BC4E2B712D358F3036F6B20FBEE6128798B00E3B2DA1D3B93CD3C21428FBE126A5CB4263ABE671ED8EA8885A5573DE15C256F32E244076E2931DB1B3C22FF3F86D2B8ED96EB11D3867BB49741450660DF7E1A0F95D45D701F88BCBA1392877635238681E52EDC4419B16DB8383364DF2E61C34BBA2EACE3F775F3D34F76C5E94777FACB79A6B0FBED9B0C781B966167B421B0A2D7024BAE7E58255E2172AB99C819EF9FD2CCE435DDE4518F81CD366CAA68A77A571A8D50EC23B511B60E5681DA0F9F746014858503D942B7279ADDAE551440FD822EFD60A9BEFFD1C6CCD0744ECFA77D79AA0FAEB2CEF9C5AB78F7264A537084EAE7559A8E1481C82DFBC9A03D7308A2A2F2B1A462716EE130DD706964F468B813A225785918AC10C6EA5C235BBAD240BC8FA84641B59890B9F14562A0633B895721FED36922428E811166C64A2E6113ED0622B321DE56953D68DAD8C8E95178C2D056F6B7C83C2D025AB1A8F2B2F31E619896BFADDBC3FBBC9CF302C3B96909C4A6DCB9E6810A115E66AA16BD074E64631BD44142D10CBF34C1D5F10939EAD8AEDBFE8B27E7C8A93589C038534FB3B67FB882C81C6592B062339C60C46E8B388264DA34BE65FDEDC60BC3AE4A14892B99F065EE2137580A56E9D7DBFABB7CF4A4484B1C5E92F045082B58430B7697AAD891117C5409354C62FEB4F941A4265EE22FAAC1B5C1591AA518A04551D4595B4DADBC4A902995E93C5C788FDE7AA13613BEBAA62C0D431AA527DA49CE25287C98B7A62D458120258AD4E1FB54964A963366BF41139B64A1D92ABEAA1659D93D250B25EB1169EC2A27209FD1E44164A1D5DACD54796F051EAD092EA35B0253AF375FAA812CA4A1D5852AD8F5DF157F8EDF880CF40E51D68ED4330BB266F760A2A30B6B3B70E7388D6D80075A05A714FACFC7BBF0096971FA43729EF8A6B7B53961DD9CC9B1418EA9DA7F11DBDB9F1B47EFC5763363E8E3736F73672801AAF9FCF6ED53384AB222F52F65E5E19B9ABE138BFA675BFFB11EE6D99886914668483FD35A6D81F3181D1FC176FEAB9986DE385C00D22EE12C734238498A7C727A7DCD3A1C379C663C5B1E349AEB9AAB73CCD39DB01B78B3CA3C87E4291C8B4D8E0A94B052A24B1AF89835F26E6AF69ABF3341FC2FE4A8B8F8CEBF833717F49A0E2214AB0F19BC81C1D86FAAFF1D8A454F4B737F18A43DFE4D7FF7FCC9A1E1977112CA773E39833F43AD3DF7CDBD14B9BACE906DAACFDE2E3EDAE36FE394501FC4F1FBDFCAB8ED6FBC98454456EE9ADFF4262E1D2415E476C345EE90B888D1025AF1C86C21BC484AA570CEB60295F3038F093A62F18FA0D56FEA2611DD594AF195CD21F8C7FCBA0BFA7152DF778A8496E5FBBD8DF523B7772C1372286EEFBA01328E31B2D749116DE036E50EAF766F1CE1BA3540F760E4B18D38361EFD3EFB74E933E1466747503D82F217A971CE896EF5C7F2BEAF30190F524E4A3FD139C77ED6BAA74F281B344FBD1980FCCD9F2637EFF64E55D3B9B2ADB7CE0CED68B927C60BEB6AFF373CF9EA67D84EE9D602C72A5149F856429E92E027196BF87EBFF220027C822CA8785F7784D6A622271AD8D74DBD16F2522EBBB371B59584042C782846ACC52EA5F376D598FB5DC35D835C9CD7ADC66E52C1F240D5A4AA2943943C79ED6C6F07A4BB4E7C6483A58F65DF16BEBF7FEB7C4721EC4288D25A4F86CFD7648CD839864C8A5D383C42C7E818673B4F6EF53C2591EBBAB0A82FD6B9504DB8D13B494B926CBA038C8398D0A112E5B73832972E078BD88A8BB4436856A968C4E1FB1A7093EF64964819D6B7297D030A13064EC2FBC46F28B05046DFDA74CEDA6CEE3BB90FD8A871802A8E9B224FE1DF929713DA7D47B26C90F292058A491A77ED95C5296025EBD9648B701D104CACD5706480FD80F3D008BEFC81C3DE3757403F7FB8857C87EADB2812A90EE89689A7D7CE9A25584FC38C7A8DAC34FF061C77FF9E12F58FD4FBEA6550000, N'6.2.0-61023')
GO
INSERT [dbo].[__MigrationHistory] ([MigrationId], [ContextKey], [Model], [ProductVersion]) VALUES (N'202408050212127_InitialCreate', N'Nhom6_DoAn_.Models.ApplicationDbContext1', 0x1F8B0800000000000400CD5ACD6EE33610BE17E83B083AB540D68A1DA0DD06F62EB276122C367682B593EB8296C732518952452AB09F6D0F7DA4BE42477FD4BF2C59761CF4D035C5F96638331C72F8E5BF9FFF0E3F6F2D53790597539B8DD47EEF525580E9F68A3263A47A62FDE1A3FAF9D3AFBF0C6F57D6567989E75DF9F35092F191BA11C2B9D634AE6FC022BC6751DDB5B9BD163DDDB634B2B2B5C1E5E55F5ABFAF0142A888A528C3EF1E13D482E007FE1CDB4C074778C49CDA2B3079348E5FE601AA3223167087E83052671BDBFAE3C7C4BE613F7AE16C55B93129414BE660AE558530660B22D0CEEB670E73E1DACC983B3840CCC5CE019CB7262687C8FEEB647AD3A55C0EFCA56889600CA57B5CD8564BC0FE55E41B2D2F7E908755E93BF4DE2D7A59ECFC55071E1CA913225E70E5794DD763D3F5679579B717C85C28A92F173211305FFCFF2E94B1670ACF8511034FB8C4BC509EBCA549F56FB05BD87F031B31CF34D3A6A171F82D3380434FAEED802B76DF611D193C25BEBD5A5652CB8B4AC18C54B8224C00CC65559992ED0330436C46EA0093F78E6E61150F4409F1CC28663ECA08D7C39F33B4992C4D90DFB55AA50B973063B121B4BBE67A45F734B5BCAF4C5C0D5ADB7A6B116AD6D889FF3C858BA6E47EF3F6819992B947C489D50EB564B3D56EC1C003AD36204A9C6FFB05E6B6DF7FF571EE0F3E9E22D013B23B424E1F14D5A70DB55A86D517395F5C4383DB0736947BEBC82E80ED517C48748B7A6ED8E60B25275783470535C17D768F5183F7ED097B42819D5E0F2A79790B458B0D3CD8B587ECB1F4D8F4C1B37DEC2E27EDCCB0D9CCF04E6EEE373477BCA12035E1B50D1678C73ED6B9E59FA1918256654ECA9DAFD685C77FFB5AB7E7DA70A25A3733C8EE904896E584C78C7B6AC7400781EC2DF947DA6E6F54E1FDE5A436F569D7737C45F5DB15FB68412803373ECE1C077750B047274BFF236C45BF64FF629F1C6D611E29CDAE2D449F8348B791D87727B684CD772FEA2FB57A71BC1C9609975D35F3A27E8E94C9965E67F2C2B2149521A4EA5B99C3A56B93B7092D7C9C881F31B48A578CE194380EC63EF5AA118D28F3F04963FC61DEBED7B7420C4DE7252DBFB4566A12B64B0CC87D45D568E91D75B9C0C89125F1B36FBCB20AD3CA13A9C2DBB1CE4CAEE4EB74E2FF78BAFFEFA802563C42E441124FDEE1E22C60225827484BE2078F825CF0B2444CE2963E1C8C6DD3B358F503441D42EA15200D931A6E8E1535FA699C68A83946D4E9A731A2A1E618513B97754BC96EADC7084FD32C48D9C91C6068B9C0E6D3472BE44FEE74CF6763A35C0D0A53C74CF5FDD23E4F4BA54E198FA0574E230403EF2612619DEF188AE050681F8B72B1EA6084674F361A65E7511D8ABCFE648A463CD81C276E60D330F158AB2226FBD35C1593E36D522D6A41B3E9160DB6C0912D6606488EB6585FDC436616170FB6C1913D6216490E37C7928D621A490E36C749358269A4D4F0BBD9E4A9FB58C79D9E5CDEDA6FF71AD9E31C66D511978D5E36E672B84DD4E3562F1BF478B4CD41FD9EEA996CD7F2E6B4DC5D493B5630A802E9A47BA2D055E4A748EDB2BBC87511C3E846BF9F302D5CF1C329AA822E7AA52BFF7A3FDF7101967FC926BDF93FE6D8C47A2A920953C2E81AB808DF61D4C1657F90E35CDF0FFFA971BE329B90A0672123D92B71F50D710BF45357AEB101706B6A91FA39D085588C8DFACD22DBDFBB9185C7725CF651EF30D45654DF9948B7D295050F9687736A95E1ECCA9B9D8DC03A9A9772AF972D3CB58F83EA0455E4993AC1E5B8A46E5839BEA8DB3AB39C5047AC1CEF734819CCB13E9D0C2A303B2B22409C84D9391BBB72B48D58204F1A3A6B3F7912823CB9A0D3F06FE0FEEC48A574CBD223169C1C25D2DDAEC3C0DA511BC587EB069445356311DE89315D967EC043136396633F9B51456694A186E447039AA392E528438D7891A604483DFF51A6407EDE1ECC8F143B96A196FE43D0E10438351208FFCF4219E87E2B9080C673BEB2B51DE71E2E306D513C259FE62008560372E30ABA26BAC0CF3A701EB0722FC4F482DBEB12565FD9A3271C4FDC700ED6D2CCBC8A0EB57AFD010994B579F8E8F8BFF83196806652BFA03DB22F1E3557D2EEBB92EA5F01E1EF9B7BC0F1A0C59A0BFC3F183B8934B35943A0C87D137080ADB05D5C80E59808C61FD99CBCC221B63D73780083E8BBB8F1AC06D91F88ACDB87134A0C97583CC248E4F127E6F0CADA7EFA1F19D61D750F2D0000, N'6.2.0-61023')
GO
INSERT [dbo].[__MigrationHistory] ([MigrationId], [ContextKey], [Model], [ProductVersion]) VALUES (N'202408081103237_update1', N'Nhom6_DoAn_.Models.ApplicationDbContext', 0x1F8B0800000000000400DD5CDB6EE436127D0FB0FF20E86937705ABEEC0C26467702A7EDCE1A195F30ED09F6CD604BECB63012A54894C746902FCBC37ED2FE428ABA8B1789EA565F1C0408A6C9E261B158248BA543FFFFCFFF8D7F7CF13DE31947B11B908979323A360D4CECC071C96A622674F9DD07F3C71FFEF1CDF8CAF15F8C5F0BB93326072D493C319F280DCF2D2BB69FB08FE291EFDA5110074B3AB203DF424E609D1E1F7F6F9D9C5818204CC0328CF1A78450D7C7E90FF8390D888D439A20EF2670B017E7E550334F518D5BE4E33844369E98B74F81FFFEF132B8208FA34CDA342E3C17812673EC2D4D031112504441CFF3CF319ED32820AB790805C87B780D31C82D9117E35CFFF34A5C7728C7A76C2856D5B080B29398067E4FC093B3DC3616DF7C2D0B9BA5EDC07A576065FACA469D5A70625E3B382DFA14786000BEC3F3A91731E189795376711187B7988E8A86A30C721601DCD720FA32AA231E19DAED8E4A5F3A1D1DB3FF8E8C69E2D124C21382131A21EFC8B84F169E6BFF825F1F822F984CCE4E16CBB30FEFDE23E7ECFDBFF1D9BBFA4861AC20D72880A2FB28087104BAE165397ED3B09AED2CBE61D9ACD626B30AF8122C0BD3B8412F1F3159D1275830A71F4C63E6BE60A728C99DEB3371611541231A25F0F336F13CB4F070596FB5F6C9FEDFD2EBE9BBF783F47A8B9EDD553AF55CFFB0702258579FB097D6C64F6E982DAFC67C3FE662B328F0D9EFA67F65B58FF320896C36984029F280A215A64DEDC656E5BC5A2ECDA08677EB02F5F05D9B692ABAB754940D689D955074B1EBD550E8BBDD7EB53DEE220C61F252D76216697338F1B01A71AD8F8C9A4CE53A27BAAE4360487FE79D7006E21DBB21FC53ABE7F68EAE7CE47A03ECB91ABD40B8B374231F97E6FC29000F47A4B771EE511CC396E3FC07C54F5B37D01CDB49042B614E911F6EBDB7FBA780E0DBC45FB005B6BBBE069B9A87AFC10CD93488AE086BB531DEC7C0FE1224F48A389788E2CFD42E00D9CF07D7D70718449D0BDBC6713C0367C6CE348068BE00BC26F4ECB4371CDB09F71DF34C3DE4FAF2A087DBB31F0BD12AF0914B08C18F424C1600B5A9FA3158B9444FD54254AD6A26D1A96A2ED6575506A6A7692EA9563415E8D433931A2CA44C6768F89832853DFCA072B32841B517D4CC38871D12FF8C098E601B73EE11A53822D50CE8EC1BFB884AD2E9639D6EFD6C4A7BFA1579C9D05DADB51AD24D60F8D590C21EFE6A48D584E267D7615189C64DAB1006782D79F925AE7BCD719AED7A393486B9EBCE77B307A896CB451C07B69BAE02498E2DCF9034F58718CEE84E9764A3E1532E30307074971D795002633379A7BA2397D8C3141B177696839CA2D8468E68461890D343B1E244952856A55E9ACA7D2BF4099E8E23D608B14B500C2BD525545C162EB1DD10799D56E25A6A1E616CEC651F7CCD250E31611D765A42A77379A6852950F6C34D4A9785C656CDE3DA1D5111B5AAE6BC2B84ADE65D4880ECC4273B6267855FE6F1DB561CB3DD623B70CE7693E828A0CC1AEEC341F3BB8AAE03F01797437350EEC6A470D03CA4DA8983362DB607076D9AE4CD39687645D59D7FEEBE7A68EED9BC28EFFE586F35D71E7CB3618F0373CD2CF68436145AE04874CFCB05ABC42F547239033DF3FB599C87BABC8B30F039A6CD944D15EF4AE350AB1D8477A236C0CAD13A40F3EF8D0290B0A07A2857E4F25AB5CBA3881EB045DEAD1536DFFB39D89A0F88D8F5EFAE3541F5D759DE39B56E1FE5C84A6F109C5CEBB250C3913804BF793507AE6114555E56348C4E2CDC271AAE0D2C9F8C16037544AE0A23158319DC4A856B765B491690F509C936B212173E29AC540C66702BE53EDA6D244950D0232CD8C844CD237CA0C556643ACAD3A6AC1B5B191D2B2F185B0ADED6F80685A14B56351E575E62CC3312D7F4BB797F76939F6158762C213995DA963DD120422BCCD542D7A0E9CC8D627A89285A2096E7993ABE20263D5B15DB7FD165FDF81427B138070A69F6EF9CED23B2041A67AD188CE4183318A1CF229A348D2E997F797383F1EA90872249E67E1A78894FD40196BA75F6FDAEDE3E2B1111C616A7BF104009D612C2DCA6E9B526465C14034D5219BFAC3F516A0895B98BE8B36E705544AA46291254751455D26A6F13A70A647A4D161F23F69FAB4E84EDACAB8A0153C7A84AF591728A4B1D262FEA895163490860B53A7DD42691A58ED9ACD147E4D82A7548AEAA8796754E4A43C97AC55A780A8BCA25F47B1059287574B1561F59C247A9434BAAD7C096E8CCD7E9A34A282B756049B53E76C55FE1B7E3033E039577A0B50FC1EC9ABCD929A8C0D8CEDE3ACC215A6303D4816AC53DB1F2EFFD02585E7E90DEA4BC2BAEED4D597664336F5260A8779EC677F4E6C6D3FAF15F8DD9F838DED8DCDBC8016ABC7E3EBB55CF10AE8ABC48D97B7965E4AE86E3FC9AD6FDEE47B8B76522A65198110EF6D798627FC40446F3DFBCA9E762B68D17023788B84B1CD38C10629E1E9F9C724F870EE7198F15C78E27B9E6AADEF234E76C07DC2EF28C22FB094522D36283A72E15A890C4BE260E7E9998BFA7ADCED37C08FB575A7C645CC79F89FB5B02150F51828D3F44E6E830D4FFF6EBDA813ED4D0B7EAF57F1FB3A647C65D042BE6DC38E66CB9CE0C379F6FF4D2266BBA81366B3FEA78BB0B8A7F315100FFD3472FFFAAA3F57E152155915B5DEB3F8258B8749007101B8D57FAC8612344C94386A1F00631A1EAA1C23A58CA470A0EFCA4E923857E83953F5A584735E5830597F407E39F2BE8EF6945CB3D9E5B920BD62EF6B7D4CE9D74EF8DB89FFB3EE80456F8460B5D647EF780DB80DDBD8667BC3162F46047AD84F73C18F63E5D7BEB64E743E13757CC93FDD29A77C9646EF95AF5B722301F00E54E4221DA3F4D79D7BEA64A0A1F38D7B31F19F9C09C2D2796ED9F72BC6B6753E58C0FDCD97A118B0FCCD7F6757EEED9D3B48FD0BDD38445C693E2E38E2CB1DC4503CEB2F070C35F04E0045944F9B0F01EAF494D4CA49FB551673BFAAD44647DF7E6140B0B48E85890508D594AE0EB261FEB718F659D66CF645BC8A26D7DE7A7406BDFB98C72920F92CB2C6542CA7CA1634B6BA369BD25EE7263241D54F9AEF0B5F5A3FD5BA22A0F6294C612527C7B7E3BCCE4414C32E4D2E9C144163F23C3315AFB23937094C7EEAA82607F729260BB71809632D7641914E738A75121C2256B6E30450E9CAE17117597C8A650CDD2CDE94BF43485C73E7A2CB0734DEE121A2614868CFD85D7C87DB178A0ADFF946EDDD4797C17A67F54658821809A2E4BD3DF919F12D7734ABD6792F4900282051A797297CD256549DED56B89741B104DA0DC7C657CF480FDD003B0F88ECCD1335E473770BF8F7885ECD72A19A802E99E88A6D9C7972E5A45C88F738CAA3DFC041F76FC971FFE021042A5D66B550000, N'6.1.3-40302')
GO
INSERT [dbo].[DatVes] ([MaVe], [TrangThai], [GiaVe], [Email], [MaGhe], [MaSuat]) VALUES (N'V001', N'Đang Xử Lý', 45000, N'tranquochuy061204@gmail.com', N'E8', N'S001')
GO
INSERT [dbo].[DatVes] ([MaVe], [TrangThai], [GiaVe], [Email], [MaGhe], [MaSuat]) VALUES (N'V002', N'Đang Xử Lý', 45000, N'tranquochuy061204@gmail.com', N'E8', N'S001')
GO
INSERT [dbo].[DatVes] ([MaVe], [TrangThai], [GiaVe], [Email], [MaGhe], [MaSuat]) VALUES (N'V003', N'Đang Xử Lý', 45000, N'tranquochuy061204@gmail.com', N'E9', N'S001')
GO
INSERT [dbo].[DatVes] ([MaVe], [TrangThai], [GiaVe], [Email], [MaGhe], [MaSuat]) VALUES (N'V004', N'Đang Xử Lý', 45000, N'tranquochuy061204@gmail.com', N'E5', N'S032')
GO
INSERT [dbo].[DatVes] ([MaVe], [TrangThai], [GiaVe], [Email], [MaGhe], [MaSuat]) VALUES (N'V005', N'Đang Xử Lý', 45000, N'tranquochuy061204@gmail.com', N'E6', N'S032')
GO
INSERT [dbo].[DatVes] ([MaVe], [TrangThai], [GiaVe], [Email], [MaGhe], [MaSuat]) VALUES (N'V006', N'Đang Xử Lý', 45000, N'tranquochuy061204@gmail.com', N'E5', N'S032')
GO
INSERT [dbo].[DatVes] ([MaVe], [TrangThai], [GiaVe], [Email], [MaGhe], [MaSuat]) VALUES (N'V007', N'Đang Xử Lý', 45000, N'tranquochuy061204@gmail.com', N'E6', N'S032')
GO
INSERT [dbo].[DatVes] ([MaVe], [TrangThai], [GiaVe], [Email], [MaGhe], [MaSuat]) VALUES (N'V008', N'Đang Xử Lý', 45000, N'tranquochuy061204@gmail.com', N'E5', N'S032')
GO
INSERT [dbo].[DatVes] ([MaVe], [TrangThai], [GiaVe], [Email], [MaGhe], [MaSuat]) VALUES (N'V009', N'Đang Xử Lý', 45000, N'tranquochuy061204@gmail.com', N'E6', N'S032')
GO
INSERT [dbo].[DatVes] ([MaVe], [TrangThai], [GiaVe], [Email], [MaGhe], [MaSuat]) VALUES (N'V010', N'Đang Xử Lý', 45000, N'tranquochuy061204@gmail.com', N'E5', N'S032')
GO
INSERT [dbo].[DatVes] ([MaVe], [TrangThai], [GiaVe], [Email], [MaGhe], [MaSuat]) VALUES (N'V011', N'Đang Xử Lý', 45000, N'tranquochuy061204@gmail.com', N'E6', N'S032')
GO
INSERT [dbo].[DatVes] ([MaVe], [TrangThai], [GiaVe], [Email], [MaGhe], [MaSuat]) VALUES (N'V012', N'Đang Xử Lý', 45000, N'tranquochuy061204@gmail.com', N'E5', N'S032')
GO
INSERT [dbo].[DatVes] ([MaVe], [TrangThai], [GiaVe], [Email], [MaGhe], [MaSuat]) VALUES (N'V013', N'Đang Xử Lý', 45000, N'tranquochuy061204@gmail.com', N'E6', N'S032')
GO
INSERT [dbo].[DatVes] ([MaVe], [TrangThai], [GiaVe], [Email], [MaGhe], [MaSuat]) VALUES (N'V014', N'Đang Xử Lý', 45000, N'tranquochuy061204@gmail.com', N'E5', N'S032')
GO
INSERT [dbo].[DatVes] ([MaVe], [TrangThai], [GiaVe], [Email], [MaGhe], [MaSuat]) VALUES (N'V015', N'Đang Xử Lý', 45000, N'tranquochuy061204@gmail.com', N'E6', N'S032')
GO
INSERT [dbo].[DatVes] ([MaVe], [TrangThai], [GiaVe], [Email], [MaGhe], [MaSuat]) VALUES (N'V016', N'Đang Xử Lý', 45000, N'tranquochuy061204@gmail.com', N'D6', N'S001')
GO
INSERT [dbo].[DatVes] ([MaVe], [TrangThai], [GiaVe], [Email], [MaGhe], [MaSuat]) VALUES (N'V017', N'Đang Xử Lý', 45000, N'tranquochuy061204@gmail.com', N'D7', N'S001')
GO
INSERT [dbo].[DatVes] ([MaVe], [TrangThai], [GiaVe], [Email], [MaGhe], [MaSuat]) VALUES (N'V018', N'Đang Xử Lý', 45000, N'tranquochuy061204@gmail.com', N'D6', N'S001')
GO
INSERT [dbo].[DatVes] ([MaVe], [TrangThai], [GiaVe], [Email], [MaGhe], [MaSuat]) VALUES (N'V019', N'Đang Xử Lý', 45000, N'tranquochuy061204@gmail.com', N'D7', N'S001')
GO
INSERT [dbo].[DatVes] ([MaVe], [TrangThai], [GiaVe], [Email], [MaGhe], [MaSuat]) VALUES (N'V020', N'Đang Xử Lý', 45000, N'tranquochuy061204@gmail.com', N'D5', N'S001')
GO
INSERT [dbo].[DatVes] ([MaVe], [TrangThai], [GiaVe], [Email], [MaGhe], [MaSuat]) VALUES (N'V021', N'Đang Xử Lý', 45000, N'tranquochuy061204@gmail.com', N'D6', N'S001')
GO
INSERT [dbo].[DatVes] ([MaVe], [TrangThai], [GiaVe], [Email], [MaGhe], [MaSuat]) VALUES (N'V022', N'Đang Xử Lý', 0, N'tranquochuy061204@gmail.com', N'D6', N'S001')
GO
INSERT [dbo].[DatVes] ([MaVe], [TrangThai], [GiaVe], [Email], [MaGhe], [MaSuat]) VALUES (N'V023', N'Đang Xử Lý', 0, N'tranquochuy061204@gmail.com', N'D7', N'S001')
GO
INSERT [dbo].[DatVes] ([MaVe], [TrangThai], [GiaVe], [Email], [MaGhe], [MaSuat]) VALUES (N'V024', N'Đang Xử Lý', 0, N'tranquochuy061204@gmail.com', N'D6', N'S001')
GO
INSERT [dbo].[DatVes] ([MaVe], [TrangThai], [GiaVe], [Email], [MaGhe], [MaSuat]) VALUES (N'V025', N'Đang Xử Lý', 0, N'tranquochuy061204@gmail.com', N'D7', N'S001')
GO
INSERT [dbo].[DatVes] ([MaVe], [TrangThai], [GiaVe], [Email], [MaGhe], [MaSuat]) VALUES (N'V026', N'Đang Xử Lý', 0, N'tranquochuy061204@gmail.com', N'D6', N'S001')
GO
INSERT [dbo].[DatVes] ([MaVe], [TrangThai], [GiaVe], [Email], [MaGhe], [MaSuat]) VALUES (N'V027', N'Đang Xử Lý', 0, N'tranquochuy061204@gmail.com', N'D7', N'S001')
GO
INSERT [dbo].[DatVes] ([MaVe], [TrangThai], [GiaVe], [Email], [MaGhe], [MaSuat]) VALUES (N'V028', N'Đang Xử Lý', 0, N'tranquochuy061204@gmail.com', N'D6', N'S001')
GO
INSERT [dbo].[DatVes] ([MaVe], [TrangThai], [GiaVe], [Email], [MaGhe], [MaSuat]) VALUES (N'V029', N'Đang Xử Lý', 0, N'tranquochuy061204@gmail.com', N'D7', N'S001')
GO
INSERT [dbo].[DatVes] ([MaVe], [TrangThai], [GiaVe], [Email], [MaGhe], [MaSuat]) VALUES (N'V030', N'Đang Xử Lý', 0, N'tranquochuy061204@gmail.com', N'C6', N'S002')
GO
INSERT [dbo].[DatVes] ([MaVe], [TrangThai], [GiaVe], [Email], [MaGhe], [MaSuat]) VALUES (N'V031', N'Đang Xử Lý', 0, N'tranquochuy061204@gmail.com', N'C7', N'S002')
GO
INSERT [dbo].[DatVes] ([MaVe], [TrangThai], [GiaVe], [Email], [MaGhe], [MaSuat]) VALUES (N'V032', N'Đang Xử Lý', 0, N'tranquochuy061204@gmail.com', N'D6', N'S001')
GO
INSERT [dbo].[DatVes] ([MaVe], [TrangThai], [GiaVe], [Email], [MaGhe], [MaSuat]) VALUES (N'V033', N'Đang Xử Lý', 0, N'tranquochuy061204@gmail.com', N'D7', N'S001')
GO
INSERT [dbo].[DatVes] ([MaVe], [TrangThai], [GiaVe], [Email], [MaGhe], [MaSuat]) VALUES (N'V034', N'Đang Xử Lý', 0, N'tranquochuy061204@gmail.com', N'D6', N'S001')
GO
INSERT [dbo].[DatVes] ([MaVe], [TrangThai], [GiaVe], [Email], [MaGhe], [MaSuat]) VALUES (N'V035', N'Đang Xử Lý', 0, N'tranquochuy061204@gmail.com', N'D7', N'S001')
GO
INSERT [dbo].[DatVes] ([MaVe], [TrangThai], [GiaVe], [Email], [MaGhe], [MaSuat]) VALUES (N'V036', N'Đang Xử Lý', 0, N'tranquochuy061204@gmail.com', N'D6', N'S001')
GO
INSERT [dbo].[DatVes] ([MaVe], [TrangThai], [GiaVe], [Email], [MaGhe], [MaSuat]) VALUES (N'V037', N'Đang Xử Lý', 0, N'tranquochuy061204@gmail.com', N'D7', N'S001')
GO
INSERT [dbo].[DatVes] ([MaVe], [TrangThai], [GiaVe], [Email], [MaGhe], [MaSuat]) VALUES (N'V038', N'Đang Xử Lý', 0, N'tranquochuy061204@gmail.com', N'D6', N'S001')
GO
INSERT [dbo].[DatVes] ([MaVe], [TrangThai], [GiaVe], [Email], [MaGhe], [MaSuat]) VALUES (N'V039', N'Đang Xử Lý', 0, N'tranquochuy061204@gmail.com', N'D7', N'S001')
GO
INSERT [dbo].[DatVes] ([MaVe], [TrangThai], [GiaVe], [Email], [MaGhe], [MaSuat]) VALUES (N'V5588', N'Chưa thanh toán', 45000, N'tranquochuy061204@gmail.com', N'D7', N'S001')
GO
INSERT [dbo].[DatVes] ([MaVe], [TrangThai], [GiaVe], [Email], [MaGhe], [MaSuat]) VALUES (N'V9175', N'Chưa thanh toán', 45000, N'tranquochuy061204@gmail.com', N'D8', N'S001')
GO
